mutation,mean_luciferase
Unmutated,326627.7303
Unmutated,797519.0762
Unmutated,500049.1941
K98R,690966.2588
K98R,429104.8699
K98R,734175.0391
V108D,265443.0984
V108D,222794.0362
V108D,243712.9524
G215R,1755.963434
G215R,1645.132081
G215R,976.1006506
E361G,315895.2382
E361G,174484.4079
E361G,246929.4902
L104N,186101.5831
L104N,122014.465
L104N,140988.511
R109Q,761186.9295
R109Q,635238.3887
R109Q,803777.8778