serum,virus,ic50,ic50_bound
4H3,V65S,0.019666041358760697,interpolated
4H3,Q70K,10.0,lower
4H3,K91E,0.011342378352531433,interpolated
4H3,E152D,0.5692407667968579,interpolated
4H3,S273H,0.23379836849065683,interpolated
4H3,Unmutated,0.011528136114370957,interpolated
4H3,T54E,0.004546188835962592,interpolated
