antibody,mutation,ic50_unmutated,ic50_mutant,ic50_fold
12B2,Hendra,0.02484673866644447,0.057775336772088105,2.3252684204431917
1A9,Hendra,0.28869427561436845,2.5532426348389823,8.844105514061347
1F2,Hendra,0.07977040449775448,0.014858148039083238,0.18626141026402207
2B12,Hendra,2.302259229693941,0.11761480442552631,0.0510866903729003
2D3,Hendra,0.01451259202899184,0.01183922182068258,0.815789612016333
4H3,Hendra,0.013854466563545983,10.0,721.7888869364414
