,antibody,mutation,ic50_unmutated,ic50_mutant,ic50_fold,site,wildtype,mutant,escape_mean,escape_std,times_seen_ab,effect,log2_ic50,at_threshold
0,12B2,V159R,0.027252376974533546,10.0,366.9404694256458,159,V,R,3.357,1.146,5.0,-0.143,8.519402216247144,yes
1,1A9,T43P,0.15193232900243825,10.0,65.81877646224667,43,T,P,3.647,0.195,7.5,-0.19,6.040427302628021,yes
2,1F2,T286W,0.026132336241394896,2.383623891567495,91.2135780570479,286,T,W,1.774,0.047,8.5,-0.693,6.511176694907711,no
4,2B12,E406T,0.5803030217679475,10.0,17.23237623256564,406,E,T,2.87,1.816,5.5,-0.917,4.107049748427345,yes
5,2D3,A165L,0.012024107302261404,1.951302533014005,162.28252825446913,165,A,L,2.495,0.572,5.5,-0.629,7.342363873841283,no
6,4H3,V65D,0.0067274387817074215,10.0,1486.4497953056073,65,V,D,3.337,1.637,5.0,-0.377,10.537655021848597,yes
